{
  "version": 1,
  "author": "Uri Shaked",
  "editor": "wokwi",
  "parts": [
    { "type": "wokwi-arduino-uno", "id": "uno", "top": -47.4, "left": -29.4, "attrs": {} },
    {
      "type": "wokwi-analog-joystick",
      "id": "joystick1",
      "top": -58.2,
      "left": 322.2,
      "attrs": {}
    },
    { "type": "wokwi-led", "id": "led1", "top": -147.6, "left": 71, "attrs": { "color": "red" } },
    {
      "type": "wokwi-resistor",
      "id": "r1",
      "top": -92.05,
      "left": 105.6,
      "attrs": { "value": "1000" }
    },
    {
      "type": "wokwi-buzzer",
      "id": "bz1",
      "top": -208.8,
      "left": 155.4,
      "attrs": { "volume": "0.1" }
    }
  ],
  "connections": [
    [ "joystick1:VCC", "uno:3.3V", "red", [ "v124.8", "h-234.6" ] ],
    [ "joystick1:VERT", "uno:A0", "red", [ "v134.4", "h-186.2" ] ],
    [ "joystick1:HORZ", "uno:A1", "red", [ "v144", "h-186.3" ] ],
    [ "joystick1:GND", "uno:GND.2", "black", [ "v153.6", "h-253.5" ] ],
    [ "joystick1:SEL", "uno:2", "red", [ "v9.6", "h-86.4", "v-172.8", "h-90.5" ] ],
    [ "led1:C", "uno:GND.1", "black", [ "v0" ] ],
    [ "led1:A", "r1:1", "red", [ "v0" ] ],
    [ "r1:2", "uno:6", "red", [ "h18", "v28.8", "h-13.3" ] ],
    [ "bz1:1", "uno:GND.1", "black", [ "h-57.6", "v-28.8", "h-48", "v76.8", "h9.3" ] ],
    [ "uno:5", "bz1:2", "red", [ "v-9.6", "h13.4" ] ]
  ],
  "dependencies": {}
}